{"success":true,"terms":"https:\/\/currencylayer.com\/terms","privacy":"https:\/\/currencylayer.com\/privacy","timestamp":1438058709,"source":"USD","quotes":{"USDAED":3.67315,"USDAFN":61.380001,"USDALL":125.734497,"USDAMD":477.899994,"USDANG":1.790443,"USDAOA":125.949997,"USDARS":9.19065,"USDAUD":1.367708,"USDAWG":1.79,"USDAZN":1.050699,"USDBAM":1.76625,"USDBBD":2,"USDBDT":77.620453,"USDBGN":1.765704,"USDBHD":0.37702,"USDBIF":1543.400024,"USDBMD":1,"USDBND":1.366102,"USDBOB":6.890386,"USDBRL":3.366704,"USDBSD":1,"USDBTC":0.003389,"USDBTN":64.051247,"USDBWP":10.06965,"USDBYR":15132.5,"USDBZD":2.014997,"USDCAD":1.30137,"USDCDF":927.999539,"USDCHF":0.961915,"USDCLF":0.024601,"USDCLP":666.695007,"USDCNY":6.208501,"USDCOP":2860.840088,"USDCRC":537.580017,"USDCUC":0.99999,"USDCUP":1.000173,"USDCVE":99.431999,"USDCZK":24.398001,"USDDJF":177.195007,"USDDKK":6.736502,"USDDOP":45.070215,"USDDZD":98.945005,"USDEEK":14.140174,"USDEGP":7.827697,"USDERN":15.279702,"USDETB":20.740999,"USDEUR":0.902784,"USDFJD":2.145496,"USDFKP":0.633302,"USDGBP":0.642432,"USDGEL":2.257972,"USDGGP":0.642601,"USDGHS":3.590201,"USDGIP":0.642802,"USDGMD":39.43011,"USDGNF":7235.200195,"USDGTQ":7.668505,"USDGYD":207.210007,"USDHKD":7.75075,"USDHNL":21.943199,"USDHRK":6.855101,"USDHTG":55.984001,"USDHUF":280.075012,"USDIDR":13460,"USDILS":3.77015,"USDIMP":0.64256,"USDINR":64.069946,"USDIQD":1157.649902,"USDIRR":29564.99972,"USDISK":133.604996,"USDJEP":0.64258,"USDJMD":117.074249,"USDJOD":0.70855,"USDJPY":123.573997,"USDKES":101.894501,"USDKGS":61.374199,"USDKHR":4054.600098,"USDKMF":444.274841,"USDKPW":899.999805,"USDKRW":1164.498214,"USDKWD":0.30269,"USDKYD":0.819926,"USDKZT":187.300003,"USDLAK":8164.950195,"USDLBP":1508.000417,"USDLKR":133.419998,"USDLRD":84.660004,"USDLSL":12.60125,"USDLTL":3.0487,"USDLVL":0.62055,"USDLYD":1.3737,"USDMAD":9.78035,"USDMDL":18.894587,"USDMGA":3289.050049,"USDMKD":55.694974,"USDMMK":1242.650024,"USDMNT":1978.503222,"USDMOP":7.9833,"USDMRO":324.999607,"USDMUR":35.450001,"USDMVR":15.389676,"USDMWK":464.029999,"USDMXN":16.267151,"USDMYR":3.818198,"USDMZN":38.500214,"USDNAD":12.60125,"USDNGN":198.949997,"USDNIO":27.351898,"USDNOK":8.16815,"USDNPR":102.482002,"USDNZD":1.504087,"USDOMR":0.384988,"USDPAB":1,"USDPEN":3.185032,"USDPGK":2.76745,"USDPHP":45.480999,"USDPKR":101.824997,"USDPLN":3.72245,"USDPYG":5147.501353,"USDQAR":3.641502,"USDRON":3.987098,"USDRSD":108.535004,"USDRUB":59.750497,"USDRWF":725.5,"USDSAR":3.75015,"USDSBD":7.937008,"USDSCR":12.95895,"USDSDG":5.9621,"USDSEK":8.516801,"USDSGD":1.366502,"USDSHP":0.642797,"USDSLL":3938.000254,"USDSOS":669.099976,"USDSRD":3.302829,"USDSTD":22092.5,"USDSVC":8.73797,"USDSYP":188.822006,"USDSZL":12.60125,"USDTHB":34.906502,"USDTJS":6.260202,"USDTMT":3.5,"USDTND":1.95895,"USDTOP":2.126834,"USDTRY":2.76385,"USDTTD":6.319897,"USDTWD":31.555967,"USDTZS":2075.649902,"USDUAH":22.124001,"USDUGX":3369.999746,"USDUSD":1,"USDUYU":28.440001,"USDUZS":2570.219971,"USDVEF":6.350098,"USDVND":21817.5,"USDVUV":110.150002,"USDWST":2.601631,"USDXAF":592.366455,"USDXAG":0.068521,"USDXAU":0.000913,"USDXCD":2.702559,"USDXDR":0.71475,"USDXOF":592.366455,"USDXPF":107.763298,"USDYER":214.889999,"USDZAR":12.58665,"USDZMK":5156.099466,"USDZMW":7.670273,"USDZWL":322.355011}}